beta,train_time,val_ari_k10,val_ari_k12,val_ari_k15,val_ari_k20,avg_val_ari
0.001,356.3025562763214,0.17349346184683673,0.21103626225034436,0.18553006454890045,0.20276513630554668,0.19320623123790706
0.005,248.1443967819214,0.17406354051077172,0.17438297632124905,0.18006529362910914,0.19104661265569514,0.17988960577920626
0.01,107.7904806137085,0.2020746139382443,0.2143607914468324,0.2253715237599875,0.20445324544041116,0.21156504364636886
0.05,156.79952430725098,0.2200835631720849,0.21405999126875455,0.24314293447884466,0.2258632585818264,0.22578743687537764
0.1,200.50731086730957,0.23006669892571727,0.2240934296433899,0.2380351637601733,0.23514618496701767,0.23183536932407453
0.5,163.65680766105652,0.26363562759266457,0.2623523127776486,0.24653963598344625,0.24787031253293715,0.2550994722216741
1.0,114.11270499229431,0.1727207276548906,0.18622937849942361,0.1760137411229084,0.18108880135048117,0.17901316215692598
