alpha,ari,active_dims
0.01,0.2476200574939455,10
0.1,0.2853945055967281,10
0.5,0.23176207892425096,10
1.0,0.24945560922692417,10
2.0,0.2201270419788153,10
