fold,train_samples,test_samples,train_time,collapsed_dims,effective_dim,best_k,best_ari,best_sil
1,160838,44337,55.34856462478638,6,4,18.0,0.1755568601962806,0.16921523213386536
2,160179,49986,52.77509140968323,6,4,10.0,0.15413008230913977,0.16726259887218475
3,157236,52086,54.24134802818298,6,4,12.0,0.18961494879362795,0.1836976259946823
4,157977,49690,52.41155219078064,6,4,10.0,0.24503710544485025,0.19923631846904755
5,174262,42407,59.256518602371216,6,4,15.0,0.16674432227135805,0.1568734049797058
