k,ARI,Silhouette
10,0.27113467564236604,0.16133970022201538
12,0.2769989168590854,0.1372489333152771
15,0.28073811262393966,0.10987117886543274
20,0.24501625703271854,0.08821886032819748
