Dimension,Mean,Std,Skewness,Kurtosis,Shapiro_p,KS_p,Anderson_stat,Anderson_reject,DAgostino_p,Is_Gaussian_05
1,-0.0012309082,0.020400373,-1.6570361130642939,3.3861763109652614,0.0,1.71002025356975e-80,241.06260257906706,True,0.0,False
2,0.0012596936,0.015018757,-1.2287121569331205,1.9749258343439458,9.80908925027372e-45,2.0229984792255214e-24,98.05010145699907,True,2.1994578539792416e-205,False
3,0.22477208,1.2154307,1.9171932266522327,3.610944839646205,0.0,8.786084881193305e-144,338.35846412405954,True,0.0,False
4,-0.17540774,0.9442823,-0.07394874503809822,0.8478038848086613,1.395562341611712e-22,4.645714141208786e-10,18.993302869686886,True,3.220078414883424e-22,False
5,-0.0028387113,0.017657306,0.349377015536057,0.5463885260802055,7.946463322138122e-24,4.688316714820949e-16,22.751849302147093,True,3.591166392662446e-36,False
6,-0.001784262,0.006233455,0.856174289997329,0.6565504639289848,1.8108524632468705e-38,5.360822342919858e-60,85.56849344235434,True,1.1854754913558468e-110,False
7,0.12321288,0.85809577,0.060556096254278685,1.607102487656758,7.398833688567128e-31,4.530661538832358e-19,44.277258307552984,True,1.5374937957645288e-37,False
8,0.11379784,0.8621049,0.06624913505962673,0.018256165152496173,3.317396927859832e-17,3.172092809347964e-16,19.79710697854989,True,0.2600170178994184,False
