k,ARI,Silhouette
10,0.11941757703732721,0.3210127055644989
12,0.11959662869098403,0.29738008975982666
15,0.12490437047767793,0.28277719020843506
20,0.12421411800598438,0.27232590317726135
