k,ARI,Silhouette
10,0.12446055086435029,0.3242785930633545
12,0.12536609747589858,0.3008391857147217
15,0.12187901017443614,0.3041181266307831
20,0.11830903864307853,0.284842312335968
