k,ARI,Silhouette
10,0.055295298767599844,0.5331894755363464
12,0.05392764966617711,0.5295669436454773
15,0.04865653987793677,0.5271311402320862
20,0.04206954711912833,0.5261346697807312
