iter	MultiClass
0	2.489883292
1	2.385482957
2	2.267484512
3	2.148286745
4	2.040851934
5	1.953769092
6	1.836517135
7	1.738818329
8	1.668621864
9	1.595314389
