{
  "r2_r": 0.7305081032743908,
  "r2_g": 0.7296507938177537,
  "r2_b": 0.7081713147714555,
  "avg_r2": 0.7227767372878665,
  "rmse_r": 24.10623346147762,
  "rmse_g": 23.758123630520615,
  "rmse_b": 22.491266728392056,
  "avg_rmse": 23.451874606796764,
  "n_train": 190804,
  "n_test": 47702
}